item_name	category	tier	source
Banished Knight Armor	ARMOR	S	armor-set:Banished Knight
Banished Knight Armor (Altered)	ARMOR	S	armor-set:Banished Knight
Banished Knight Gauntlets	ARMOR	S	armor-set:Banished Knight
Banished Knight Greaves	ARMOR	S	armor-set:Banished Knight
Banished Knight Helm	ARMOR	S	armor-set:Banished Knight
Banished Knight Helm (Altered)	ARMOR	S	armor-set:Banished Knight
Beast Champion Armor (Altered)	ARMOR	S	armor-set:Beast Champion
Beast Champion Gauntlets	ARMOR	S	armor-set:Beast Champion
Beast Champion Greaves	ARMOR	S	armor-set:Beast Champion
Beast Champion Helm	ARMOR	S	armor-set:Beast Champion
Bull-Goat Armor	ARMOR	S	armor-set:Bull-Goat
Bull-Goat Gauntlets	ARMOR	S	armor-set:Bull-Goat
Bull-Goat Greaves	ARMOR	S	armor-set:Bull-Goat
Bull-Goat Helm	ARMOR	S	armor-set:Bull-Goat
Cleanrot Armor	ARMOR	S	armor-set:Cleanrot
Cleanrot Gauntlets	ARMOR	S	armor-set:Cleanrot
Cleanrot Greaves	ARMOR	S	armor-set:Cleanrot
Cleanrot Helm	ARMOR	S	armor-set:Cleanrot
Crucible Axe Armor	ARMOR	S	armor-set:Crucible Axe
Crucible Axe Helm	ARMOR	S	armor-set:Crucible Axe
Crucible Gauntlets	ARMOR	S	armor-set:Crucible
Crucible Greaves	ARMOR	S	armor-set:Crucible
Crucible Hammer-Helm	ARMOR	S	armor-set:Crucible
Crucible Tree Armor	ARMOR	S	armor-set:Crucible Tree
Crucible Tree Helm	ARMOR	S	armor-set:Crucible Tree
Fire Prelate Armor	ARMOR	S	armor-set:Fire Prelate
Fire Prelate Armor (Altered)	ARMOR	S	armor-set:Fire Prelate
Fire Prelate Gauntlets	ARMOR	S	armor-set:Fire Prelate
Fire Prelate Greaves	ARMOR	S	armor-set:Fire Prelate
Fire Prelate Helm	ARMOR	S	armor-set:Fire Prelate
Lionel's Armor	ARMOR	S	armor-set:Lionel's
Lionel's Gauntlets	ARMOR	S	armor-set:Lionel's
Lionel's Greaves	ARMOR	S	armor-set:Lionel's
Lionel's Helm	ARMOR	S	armor-set:Lionel's
Malformed Dragon Armor	ARMOR	S	armor-set:Malformed Dragon
Malformed Dragon Gauntlets	ARMOR	S	armor-set:Malformed Dragon
Malformed Dragon Greaves	ARMOR	S	armor-set:Malformed Dragon
Malformed Dragon Helm	ARMOR	S	armor-set:Malformed Dragon
Omen Armor	ARMOR	S	armor-set:Omen
Omen Gauntlets	ARMOR	S	armor-set:Omen
Omen Greaves	ARMOR	S	armor-set:Omen
Omen Helm	ARMOR	S	armor-set:Omen
Omensmirk Mask	ARMOR	S	armor-set:Omen
Radahn's Gauntlets	ARMOR	S	armor-set:Radahn's
Radahn's Greaves	ARMOR	S	armor-set:Radahn's
Radahn's Lion Armor	ARMOR	S	armor-set:Radahn's
Radahn's Redmane Helm	ARMOR	S	armor-set:Radahn's
Ronin's Armor	ARMOR	S	armor-set:Ronin's
Ronin's Gauntlets	ARMOR	S	armor-set:Ronin's
Ronin's Greaves	ARMOR	S	armor-set:Ronin's
Scaled Armor	ARMOR	S	armor-set:Scaled
Scaled Gauntlets	ARMOR	S	armor-set:Scaled
Scaled Greaves	ARMOR	S	armor-set:Scaled
Scaled Helm	ARMOR	S	armor-set:Scaled
Tree Sentinel Armor	ARMOR	S	armor-set:Tree Sentinel
Tree Sentinel Gauntlets	ARMOR	S	armor-set:Tree Sentinel
Tree Sentinel Greaves	ARMOR	S	armor-set:Tree Sentinel
Tree Sentinel Helm	ARMOR	S	armor-set:Tree Sentinel
Verdigris Armor	ARMOR	S	armor-set:Verdigris
Verdigris Gauntlets	ARMOR	S	armor-set:Verdigris
Verdigris Greaves	ARMOR	S	armor-set:Verdigris
Verdigris Helm	ARMOR	S	armor-set:Verdigris
Veteran's Armor	ARMOR	S	armor-set:Veteran's
Veteran's Gauntlets	ARMOR	S	armor-set:Veteran's
Veteran's Greaves	ARMOR	S	armor-set:Veteran's
Veteran's Helm	ARMOR	S	armor-set:Veteran's
Armor of Solitude	ARMOR	A	armor-set:of Solitude
Black Knight Armor	ARMOR	A	armor-set:Black Knight
Black Knight Gauntlets	ARMOR	A	armor-set:Black Knight
Black Knight Greaves	ARMOR	A	armor-set:Black Knight
Black Knight Helm	ARMOR	A	armor-set:Black Knight
Blaidd's Armor	ARMOR	A	armor-set:Blaidd's
Blaidd's Gauntlets	ARMOR	A	armor-set:Blaidd's
Blaidd's Greaves	ARMOR	A	armor-set:Blaidd's
Briar Armor	ARMOR	A	armor-set:Briar
Briar Gauntlets	ARMOR	A	armor-set:Briar
Briar Greaves	ARMOR	A	armor-set:Briar
Briar Helm	ARMOR	A	armor-set:Briar
Confessor Armor	ARMOR	A	armor-set:Confessor
Confessor Boots	ARMOR	A	armor-set:Confessor
Confessor Gloves	ARMOR	A	armor-set:Confessor
Confessor Hood	ARMOR	A	armor-set:Confessor
Cuckoo Knight Armor	ARMOR	A	armor-set:Cuckoo Knight
Cuckoo Knight Gauntlets	ARMOR	A	armor-set:Cuckoo Knight
Cuckoo Knight Greaves	ARMOR	A	armor-set:Cuckoo Knight
Cuckoo Knight Helm	ARMOR	A	armor-set:Cuckoo Knight
Death Knight Armor	ARMOR	A	armor-set:Death Knight
Death Knight Gauntlets	ARMOR	A	armor-set:Death Knight
Death Knight Greaves	ARMOR	A	armor-set:Death Knight
Death Knight Helm	ARMOR	A	armor-set:Death Knight
Fire Knight Armor	ARMOR	A	armor-set:Fire Knight
Fire Knight Gauntlets	ARMOR	A	armor-set:Fire Knight
Fire Knight Greaves	ARMOR	A	armor-set:Fire Knight
Fire Knight Helm	ARMOR	A	armor-set:Fire Knight
Foot Soldier Cap	ARMOR	A	armor-set:Foot Soldier
Foot Soldier Gauntlets	ARMOR	A	armor-set:Foot Soldier
Foot Soldier Greaves	ARMOR	A	armor-set:Foot Soldier
Foot Soldier Helm	ARMOR	A	armor-set:Foot Soldier
Foot Soldier Helmet	ARMOR	A	armor-set:Foot Soldier
Foot Soldier Tabard	ARMOR	A	armor-set:Foot Soldier
Gauntlets of Solitude	ARMOR	A	armor-set:of Solitude
Gelmir Knight Armor	ARMOR	A	armor-set:Gelmir Knight
Gelmir Knight Gauntlets	ARMOR	A	armor-set:Gelmir Knight
Gelmir Knight Greaves	ARMOR	A	armor-set:Gelmir Knight
Gelmir Knight Helm	ARMOR	A	armor-set:Gelmir Knight
Godrick Knight Armor	ARMOR	A	armor-set:Godrick Knight
Godrick Knight Gauntlets	ARMOR	A	armor-set:Godrick Knight
Godrick Knight Greaves	ARMOR	A	armor-set:Godrick Knight
Godrick Knight Helm	ARMOR	A	armor-set:Godrick Knight
Godskin Noble Bracelets	ARMOR	A	armor-set:Godskin Noble
Godskin Noble Hood	ARMOR	A	armor-set:Godskin Noble
Godskin Noble Robe	ARMOR	A	armor-set:Godskin Noble
Godskin Noble Trousers	ARMOR	A	armor-set:Godskin Noble
Greaves of Solitude	ARMOR	A	armor-set:of Solitude
Helm of Solitude	ARMOR	A	armor-set:of Solitude
Knight Armor	ARMOR	A	armor-set:Knight
Knight Gauntlets	ARMOR	A	armor-set:Knight
Knight Greaves	ARMOR	A	armor-set:Knight
Knight Helm	ARMOR	A	armor-set:Knight
Land of Reeds Armor	ARMOR	A	armor-set:Land of Reeds
Land of Reeds Gauntlets	ARMOR	A	armor-set:Land of Reeds
Land of Reeds Greaves	ARMOR	A	armor-set:Land of Reeds
Land of Reeds Helm	ARMOR	A	armor-set:Land of Reeds
Leyndell Knight Armor	ARMOR	A	armor-set:Leyndell Knight
Leyndell Knight Gauntlets	ARMOR	A	armor-set:Leyndell Knight
Leyndell Knight Greaves	ARMOR	A	armor-set:Leyndell Knight
Leyndell Knight Helm	ARMOR	A	armor-set:Leyndell Knight
Maliketh's Armor	ARMOR	A	armor-set:Maliketh's
Maliketh's Gauntlets	ARMOR	A	armor-set:Maliketh's
Maliketh's Greaves	ARMOR	A	armor-set:Maliketh's
Maliketh's Helm	ARMOR	A	armor-set:Maliketh's
Messmer's Armor	ARMOR	A	armor-set:Messmer's
Messmer's Gauntlets	ARMOR	A	armor-set:Messmer's
Messmer's Greaves	ARMOR	A	armor-set:Messmer's
Messmer's Helm	ARMOR	A	armor-set:Messmer's
Night Maiden Armor	ARMOR	A	armor-set:Night Maiden
Night Maiden Twin Crown	ARMOR	A	armor-set:Night Maiden
Night's Cavalry Armor	ARMOR	A	armor-set:Night's Cavalry
Night's Cavalry Gauntlets	ARMOR	A	armor-set:Night's Cavalry
Night's Cavalry Greaves	ARMOR	A	armor-set:Night's Cavalry
Night's Cavalry Helm	ARMOR	A	armor-set:Night's Cavalry
Nox Swordstress Armor	ARMOR	A	armor-set:Nox Swordstress
Nox Swordstress Crown	ARMOR	A	armor-set:Nox Swordstress
Preceptor's Big Hat	ARMOR	A	armor-set:Preceptor's
Preceptor's Gloves	ARMOR	A	armor-set:Preceptor's
Preceptor's Long Gown	ARMOR	A	armor-set:Preceptor's
Preceptor's Trousers	ARMOR	A	armor-set:Preceptor's
Rakshasa Armor	ARMOR	A	armor-set:Rakshasa
Rakshasa Gauntlets	ARMOR	A	armor-set:Rakshasa
Rakshasa Greaves	ARMOR	A	armor-set:Rakshasa
Rakshasa Helm	ARMOR	A	armor-set:Rakshasa
Redmane Knight Armor	ARMOR	A	armor-set:Redmane Knight
Redmane Knight Gauntlets	ARMOR	A	armor-set:Redmane Knight
Redmane Knight Greaves	ARMOR	A	armor-set:Redmane Knight
Redmane Knight Helm	ARMOR	A	armor-set:Redmane Knight
Royal Knight Armor	ARMOR	A	armor-set:Royal Knight
Royal Knight Gauntlets	ARMOR	A	armor-set:Royal Knight
Royal Knight Greaves	ARMOR	A	armor-set:Royal Knight
Royal Knight Helm	ARMOR	A	armor-set:Royal Knight
Twinned Armor	ARMOR	A	armor-set:Twinned
Twinned Gauntlets	ARMOR	A	armor-set:Twinned
Twinned Greaves	ARMOR	A	armor-set:Twinned
Twinned Helm	ARMOR	A	armor-set:Twinned
Vulgar Militia Armor	ARMOR	A	armor-set:Vulgar Militia
Vulgar Militia Gauntlets	ARMOR	A	armor-set:Vulgar Militia
Vulgar Militia Greaves	ARMOR	A	armor-set:Vulgar Militia
Vulgar Militia Helm	ARMOR	A	armor-set:Vulgar Militia
White Reed Armor	ARMOR	A	armor-set:White Reed
White Reed Gauntlets	ARMOR	A	armor-set:White Reed
White Reed Greaves	ARMOR	A	armor-set:White Reed
Alberich's Bracers	ARMOR	B	armor-set:Alberich's
Alberich's Pointed Hat	ARMOR	B	armor-set:Alberich's
Alberich's Robe	ARMOR	B	armor-set:Alberich's
Alberich's Trousers	ARMOR	B	armor-set:Alberich's
All-Knowing Armor	ARMOR	B	armor-set:All-Knowing
All-Knowing Gauntlets	ARMOR	B	armor-set:All-Knowing
All-Knowing Greaves	ARMOR	B	armor-set:All-Knowing
All-Knowing Helm	ARMOR	B	armor-set:All-Knowing
Armor of Night	ARMOR	B	armor-set:of Night
Astrologer Gloves	ARMOR	B	armor-set:Astrologer
Astrologer Hood	ARMOR	B	armor-set:Astrologer
Astrologer Robe	ARMOR	B	armor-set:Astrologer
Astrologer Trousers	ARMOR	B	armor-set:Astrologer
Azur's Glintstone Crown	ARMOR	B	armor-set:Azur's
Azur's Glintstone Robe	ARMOR	B	armor-set:Azur's
Azur's Manchettes	ARMOR	B	armor-set:Azur's
Battlemage Legwraps	ARMOR	B	armor-set:Battlemage
Battlemage Manchettes	ARMOR	B	armor-set:Battlemage
Battlemage Robe	ARMOR	B	armor-set:Battlemage
Black Knife Armor	ARMOR	B	armor-set:Black Knife
Black Knife Gauntlets	ARMOR	B	armor-set:Black Knife
Black Knife Greaves	ARMOR	B	armor-set:Black Knife
Black Knife Hood	ARMOR	B	armor-set:Black Knife
Blackflame Monk Armor	ARMOR	B	armor-set:Blackflame Monk
Blackflame Monk Gauntlets	ARMOR	B	armor-set:Blackflame Monk
Blackflame Monk Greaves	ARMOR	B	armor-set:Blackflame Monk
Blackflame Monk Hood	ARMOR	B	armor-set:Blackflame Monk
Blue Cloth Cowl	ARMOR	B	armor-set:Blue Cloth
Blue Cloth Vest	ARMOR	B	armor-set:Blue Cloth
Carian Knight Armor	ARMOR	B	armor-set:Carian Knight
Carian Knight Gauntlets	ARMOR	B	armor-set:Carian Knight
Carian Knight Greaves	ARMOR	B	armor-set:Carian Knight
Carian Knight Helm	ARMOR	B	armor-set:Carian Knight
Depraved Perfumer Gloves	ARMOR	B	armor-set:Depraved Perfumer
Depraved Perfumer Headscarf	ARMOR	B	armor-set:Depraved Perfumer
Depraved Perfumer Robe	ARMOR	B	armor-set:Depraved Perfumer
Depraved Perfumer Trousers	ARMOR	B	armor-set:Depraved Perfumer
Divine Beast Head	ARMOR	B	armor-set:Divine Beast
Divine Beast Helm	ARMOR	B	armor-set:Divine Beast
Divine Beast Warrior Armor	ARMOR	B	armor-set:Divine Beast
Divine Bird Helm	ARMOR	B	armor-set:Divine Bird
Divine Bird Warrior Armor	ARMOR	B	armor-set:Divine Bird
Divine Bird Warrior Gauntlets	ARMOR	B	armor-set:Divine Bird
Divine Bird Warrior Greaves	ARMOR	B	armor-set:Divine Bird
Errant Sorcerer Boots	ARMOR	B	armor-set:Errant Sorcerer
Errant Sorcerer Manchettes	ARMOR	B	armor-set:Errant Sorcerer
Errant Sorcerer Robe (Altered)	ARMOR	B	armor-set:Errant Sorcerer
Fingerprint Armor	ARMOR	B	armor-set:Fingerprint
Fingerprint Gauntlets	ARMOR	B	armor-set:Fingerprint
Fingerprint Greaves	ARMOR	B	armor-set:Fingerprint
Fingerprint Helm	ARMOR	B	armor-set:Fingerprint
Fire Monk Armor	ARMOR	B	armor-set:Fire Monk
Fire Monk Gauntlets	ARMOR	B	armor-set:Fire Monk
Fire Monk Greaves	ARMOR	B	armor-set:Fire Monk
Fire Monk Hood	ARMOR	B	armor-set:Fire Monk
Freyja's Armor	ARMOR	B	armor-set:Freyja's
Freyja's Gauntlets	ARMOR	B	armor-set:Freyja's
Freyja's Greaves	ARMOR	B	armor-set:Freyja's
Freyja's Helm	ARMOR	B	armor-set:Freyja's
Gaius's Armor	ARMOR	B	armor-set:Gaius's
Gaius's Gauntlets	ARMOR	B	armor-set:Gaius's
Gaius's Greaves	ARMOR	B	armor-set:Gaius's
Gaius's Helm	ARMOR	B	armor-set:Gaius's
Gauntlets of Night	ARMOR	B	armor-set:of Night
Godrick Soldier Gauntlets	ARMOR	B	armor-set:Godrick Soldier
Godrick Soldier Greaves	ARMOR	B	armor-set:Godrick Soldier
Godrick Soldier Helm	ARMOR	B	armor-set:Godrick Soldier
Godskin Apostle Bracelets	ARMOR	B	armor-set:Godskin Apostle
Godskin Apostle Hood	ARMOR	B	armor-set:Godskin Apostle
Godskin Apostle Robe	ARMOR	B	armor-set:Godskin Apostle
Godskin Apostle Trousers	ARMOR	B	armor-set:Godskin Apostle
Greaves of Night	ARMOR	B	armor-set:of Night
Guardian Bracers	ARMOR	B	armor-set:Guardian
Guardian Garb	ARMOR	B	armor-set:Guardian
Guardian Garb (Full Bloom)	ARMOR	B	armor-set:Guardian
Guardian Greaves	ARMOR	B	armor-set:Guardian
Guardian Mask	ARMOR	B	armor-set:Guardian
Haligtree Crest Surcoat	ARMOR	B	armor-set:Haligtree
Haligtree Gauntlets	ARMOR	B	armor-set:Haligtree
Haligtree Greaves	ARMOR	B	armor-set:Haligtree
Haligtree Helm	ARMOR	B	armor-set:Haligtree
Haligtree Knight Armor	ARMOR	B	armor-set:Haligtree Knight
Haligtree Knight Gauntlets	ARMOR	B	armor-set:Haligtree Knight
Haligtree Knight Greaves	ARMOR	B	armor-set:Haligtree Knight
Haligtree Knight Helm	ARMOR	B	armor-set:Haligtree Knight
Helm of Night	ARMOR	B	armor-set:of Night
Horned Warrior Armor	ARMOR	B	armor-set:Horned Warrior
Horned Warrior Gauntlets	ARMOR	B	armor-set:Horned Warrior
Horned Warrior Greaves	ARMOR	B	armor-set:Horned Warrior
Horned Warrior Helm	ARMOR	B	armor-set:Horned Warrior
Hoslow's Armor	ARMOR	B	armor-set:Hoslow's
Hoslow's Gauntlets	ARMOR	B	armor-set:Hoslow's
Hoslow's Greaves	ARMOR	B	armor-set:Hoslow's
Hoslow's Helm	ARMOR	B	armor-set:Hoslow's
Lazuli Glintstone Crown	ARMOR	B	armor-set:Lazuli Glintstone Crown
Leather Arm Wraps	ARMOR	B	armor-set:Leather
Leather Armor	ARMOR	B	armor-set:Leather
Leather Boots	ARMOR	B	armor-set:Leather
Leather Crown	ARMOR	B	armor-set:Leather
Leather Gloves	ARMOR	B	armor-set:Leather
Leather Headband	ARMOR	B	armor-set:Leather
Leather Leg Wraps	ARMOR	B	armor-set:Leather
Leather Trousers	ARMOR	B	armor-set:Leather
Leather-Draped Tabard	ARMOR	B	armor-set:Leather
Leda's Armor	ARMOR	B	armor-set:Leda's
Leyndell Soldier Gauntlets	ARMOR	B	armor-set:Leyndell Soldier
Leyndell Soldier Greaves	ARMOR	B	armor-set:Leyndell Soldier
Leyndell Soldier Helm	ARMOR	B	armor-set:Leyndell Soldier
Lusat's Glintstone Crown	ARMOR	B	armor-set:Lusat's
Lusat's Manchettes	ARMOR	B	armor-set:Lusat's
Lusat's Robe	ARMOR	B	armor-set:Lusat's
Mushroom Arms	ARMOR	B	armor-set:Mushroom
Mushroom Body	ARMOR	B	armor-set:Mushroom
Mushroom Crown	ARMOR	B	armor-set:Mushroom
Mushroom Head	ARMOR	B	armor-set:Mushroom
Mushroom Legs	ARMOR	B	armor-set:Mushroom
Noble's Gloves	ARMOR	B	armor-set:Noble's
Noble's Traveling Garb	ARMOR	B	armor-set:Noble's
Noble's Trousers	ARMOR	B	armor-set:Noble's
Nox Monk Armor	ARMOR	B	armor-set:Nox Monk
Nox Monk Hood	ARMOR	B	armor-set:Nox Monk
Oathseeker Knight Armor	ARMOR	B	armor-set:Oathseeker Knight
Oathseeker Knight Gauntlets	ARMOR	B	armor-set:Oathseeker Knight
Oathseeker Knight Greaves	ARMOR	B	armor-set:Oathseeker Knight
Oathseeker Knight Helm	ARMOR	B	armor-set:Oathseeker Knight
Olivinus Glintstone Crown	ARMOR	B	armor-set:Olivinus
Omenkiller Boots	ARMOR	B	armor-set:Omenkiller
Omenkiller Long Gloves	ARMOR	B	armor-set:Omenkiller
Omenkiller Robe	ARMOR	B	armor-set:Omenkiller
Pelt of Ralva	ARMOR	B	armor-set:Pelt of Ralva
Perfumer Gloves	ARMOR	B	armor-set:Perfumer
Perfumer Hood	ARMOR	B	armor-set:Perfumer
Perfumer Robe	ARMOR	B	armor-set:Perfumer
Perfumer Sarong	ARMOR	B	armor-set:Perfumer
Perfumer's Traveling Garb	ARMOR	B	armor-set:Perfumer's Traveling
Radahn Soldier Gauntlets	ARMOR	B	armor-set:Radahn Soldier
Radahn Soldier Greaves	ARMOR	B	armor-set:Radahn Soldier
Radahn Soldier Helm	ARMOR	B	armor-set:Radahn Soldier
Raptor's Black Feathers	ARMOR	B	armor-set:Raptor's
Raya Lucarian Gauntlets	ARMOR	B	armor-set:Raya Lucarian
Raya Lucarian Greaves	ARMOR	B	armor-set:Raya Lucarian
Raya Lucarian Helm	ARMOR	B	armor-set:Raya Lucarian
Raya Lucarian Robe	ARMOR	B	armor-set:Raya Lucarian
Rellana's Armor	ARMOR	B	armor-set:Rellana's
Rellana's Gloves	ARMOR	B	armor-set:Rellana's
Rellana's Greaves	ARMOR	B	armor-set:Rellana's
Rellana's Helm	ARMOR	B	armor-set:Rellana's
Rotten Duelist Greaves	ARMOR	B	armor-set:Rotten
Rotten Duelist Helm	ARMOR	B	armor-set:Rotten
Rotten Gravekeeper Cloak	ARMOR	B	armor-set:Rotten
Traveling Maiden Boots	ARMOR	B	armor-set:Traveling Maiden
Traveling Maiden Gloves	ARMOR	B	armor-set:Traveling Maiden
Traveling Maiden Hood	ARMOR	B	armor-set:Traveling Maiden
Traveling Maiden Robe	ARMOR	B	armor-set:Traveling Maiden
Vagabond Knight Armor	ARMOR	B	armor-set:Vagabond Knight
Vagabond Knight Gauntlets	ARMOR	B	armor-set:Vagabond Knight
Vagabond Knight Greaves	ARMOR	B	armor-set:Vagabond Knight
Vagabond Knight Helm	ARMOR	B	armor-set:Vagabond Knight
War Surgeon Gloves	ARMOR	B	armor-set:War Surgeon
War Surgeon Gown (Altered)	ARMOR	B	armor-set:War Surgeon
War Surgeon Trousers	ARMOR	B	armor-set:War Surgeon
Young Lion's Armor	ARMOR	B	armor-set:Young Lion's
Young Lion's Gauntlets	ARMOR	B	armor-set:Young Lion's
Young Lion's Greaves	ARMOR	B	armor-set:Young Lion's
Young Lion's Helm	ARMOR	B	armor-set:Young Lion's
Ansbach's Attire	ARMOR	C	armor-set:Ansbach's
Ansbach's Boots	ARMOR	C	armor-set:Ansbach's
Ansbach's Manchettes	ARMOR	C	armor-set:Ansbach's
Bandit Boots	ARMOR	C	armor-set:Bandit
Bandit Garb	ARMOR	C	armor-set:Bandit
Bandit Manchettes	ARMOR	C	armor-set:Bandit
Bandit Mask	ARMOR	C	armor-set:Bandit
Bloodhound Knight Armor	ARMOR	C	armor-set:Bloodhound Knight
Bloodhound Knight Gauntlets	ARMOR	C	armor-set:Bloodhound Knight
Bloodhound Knight Greaves	ARMOR	C	armor-set:Bloodhound Knight
Bloodhound Knight Helm	ARMOR	C	armor-set:Bloodhound Knight
Blue Silver Bracelets	ARMOR	C	armor-set:Blue Silver
Blue Silver Mail Armor	ARMOR	C	armor-set:Blue Silver
Blue Silver Mail Hood	ARMOR	C	armor-set:Blue Silver
Blue Silver Mail Skirt	ARMOR	C	armor-set:Blue Silver
Common Soldier Cloth Armor	ARMOR	C	armor-set:Common Soldier
Common Soldier Gauntlets	ARMOR	C	armor-set:Common Soldier
Common Soldier Greaves	ARMOR	C	armor-set:Common Soldier
Common Soldier Helm	ARMOR	C	armor-set:Common Soldier
Consort's Mask	ARMOR	C	armor-set:Consort's
Consort's Robe	ARMOR	C	armor-set:Consort's
Consort's Trousers	ARMOR	C	armor-set:Consort's
Curseblade Mask	ARMOR	C	armor-set:Curseblade Mask
Dancer's Bracer	ARMOR	C	armor-set:Dancer's
Dancer's Dress	ARMOR	C	armor-set:Dancer's
Dancer's Hood	ARMOR	C	armor-set:Dancer's
Dancer's Trousers	ARMOR	C	armor-set:Dancer's
Drake Knight Armor	ARMOR	C	armor-set:Drake Knight
Drake Knight Gauntlets	ARMOR	C	armor-set:Drake Knight
Drake Knight Greaves	ARMOR	C	armor-set:Drake Knight
Drake Knight Helm	ARMOR	C	armor-set:Drake Knight
Duelist Greaves	ARMOR	C	armor-set:Duelist
Duelist Helm	ARMOR	C	armor-set:Duelist
Eccentric's Armor	ARMOR	C	armor-set:Eccentric's
Eccentric's Breeches	ARMOR	C	armor-set:Eccentric's
Eccentric's Hood	ARMOR	C	armor-set:Eccentric's
Eccentric's Manchettes	ARMOR	C	armor-set:Eccentric's
Elden Lord Armor	ARMOR	C	armor-set:Elden Lord
Elden Lord Bracers	ARMOR	C	armor-set:Elden Lord
Elden Lord Crown	ARMOR	C	armor-set:Elden Lord
Elden Lord Greaves	ARMOR	C	armor-set:Elden Lord
Exile Armor	ARMOR	C	armor-set:Exile
Exile Gauntlets	ARMOR	C	armor-set:Exile
Exile Greaves	ARMOR	C	armor-set:Exile
Exile Hood	ARMOR	C	armor-set:Exile
Finger Maiden Fillet	ARMOR	C	armor-set:Finger Maiden
Finger Maiden Robe	ARMOR	C	armor-set:Finger Maiden
Finger Maiden Shoes	ARMOR	C	armor-set:Finger Maiden
Gold Bracelets	ARMOR	C	armor-set:Gold Bracelets
Gold Waistwrap	ARMOR	C	armor-set:Gold Waistwrap
Goldmask's Rags	ARMOR	C	armor-set:Goldmask
Gravebird Anklets	ARMOR	C	armor-set:Gravebird
Gravebird Armor	ARMOR	C	armor-set:Gravebird
Gravebird Bracelets	ARMOR	C	armor-set:Gravebird
Gravebird Helm	ARMOR	C	armor-set:Gravebird
Gravebird's Blackquill Armor	ARMOR	C	armor-set:Gravebird
Highwayman Cloth Armor	ARMOR	C	armor-set:Highwayman
Highwayman Gauntlets	ARMOR	C	armor-set:Highwayman
Highwayman Hood	ARMOR	C	armor-set:Highwayman
Igon's Armor	ARMOR	C	armor-set:Igon's
Igon's Gauntlets	ARMOR	C	armor-set:Igon's
Igon's Helm	ARMOR	C	armor-set:Igon's
Igon's Loincloth	ARMOR	C	armor-set:Igon's
Lazuli Robe	ARMOR	C	armor-set:Lazuli
Lord of Blood's Robe	ARMOR	C	armor-set:Lord of Blood's
Mausoleum Gauntlets	ARMOR	C	armor-set:Mausoleum
Mausoleum Greaves	ARMOR	C	armor-set:Mausoleum
Mausoleum Knight Armor	ARMOR	C	armor-set:Mausoleum Knight
Mausoleum Knight Gauntlets	ARMOR	C	armor-set:Mausoleum Knight
Mausoleum Knight Greaves	ARMOR	C	armor-set:Mausoleum Knight
Mausoleum Surcoat	ARMOR	C	armor-set:Mausoleum
Messmer Soldier Armor	ARMOR	C	armor-set:Messmer Soldier
Messmer Soldier Gauntlets	ARMOR	C	armor-set:Messmer Soldier
Messmer Soldier Greaves	ARMOR	C	armor-set:Messmer Soldier
Messmer Soldier Helm	ARMOR	C	armor-set:Messmer Soldier
Page Garb	ARMOR	C	armor-set:Page
Page Hood	ARMOR	C	armor-set:Page
Page Trousers	ARMOR	C	armor-set:Page
Prisoner Clothing	ARMOR	C	armor-set:Prisoner
Prisoner Iron Mask	ARMOR	C	armor-set:Prisoner
Prisoner Trousers	ARMOR	C	armor-set:Prisoner
Prophet Blindfold	ARMOR	C	armor-set:Prophet
Prophet Robe	ARMOR	C	armor-set:Prophet
Prophet Trousers	ARMOR	C	armor-set:Prophet
Queen's Bracelets	ARMOR	C	armor-set:Queen's
Queen's Crescent Crown	ARMOR	C	armor-set:Queen's
Queen's Leggings	ARMOR	C	armor-set:Queen's
Queen's Robe	ARMOR	C	armor-set:Queen's
Radiant Gold Mask	ARMOR	C	armor-set:Radiant Gold Mask
Raging Wolf Armor	ARMOR	C	armor-set:Raging Wolf
Raging Wolf Gauntlets	ARMOR	C	armor-set:Raging Wolf
Raging Wolf Greaves	ARMOR	C	armor-set:Raging Wolf
Raging Wolf Helm	ARMOR	C	armor-set:Raging Wolf
Royal Remains Armor	ARMOR	C	armor-set:Royal Remains
Royal Remains Gauntlets	ARMOR	C	armor-set:Royal Remains
Royal Remains Greaves	ARMOR	C	armor-set:Royal Remains
Royal Remains Helm	ARMOR	C	armor-set:Royal Remains
Sanguine Noble Hood	ARMOR	C	armor-set:Sanguine Noble
Sanguine Noble Robe	ARMOR	C	armor-set:Sanguine Noble
Sanguine Noble Waistcloth	ARMOR	C	armor-set:Sanguine Noble
Shadow Militiaman Armor	ARMOR	C	armor-set:Shadow Militiaman
Shadow Militiaman Gauntlets	ARMOR	C	armor-set:Shadow Militiaman
Shadow Militiaman Greaves	ARMOR	C	armor-set:Shadow Militiaman
Shadow Militiaman Helm	ARMOR	C	armor-set:Shadow Militiaman
Snow Witch Hat	ARMOR	C	armor-set:Snow Witch
Snow Witch Robe	ARMOR	C	armor-set:Snow Witch
Snow Witch Skirt	ARMOR	C	armor-set:Snow Witch
Spellblade's Gloves	ARMOR	C	armor-set:Spellblade's
Spellblade's Pointed Hat	ARMOR	C	armor-set:Spellblade's
Spellblade's Traveling Attire	ARMOR	C	armor-set:Spellblade's
Spellblade's Trousers	ARMOR	C	armor-set:Spellblade's
Thiollier's Garb	ARMOR	C	armor-set:Thiollier's
Thiollier's Gloves	ARMOR	C	armor-set:Thiollier's
Thiollier's Mask	ARMOR	C	armor-set:Thiollier's
Thiollier's Trousers	ARMOR	C	armor-set:Thiollier's
Aristocrat Boots	ARMOR	D	armor-set:Aristocrat
Aristocrat Coat	ARMOR	D	armor-set:Aristocrat
Aristocrat Garb	ARMOR	D	armor-set:Aristocrat
Aristocrat Garb (Altered)	ARMOR	D	armor-set:Aristocrat
Aristocrat Hat	ARMOR	D	armor-set:Aristocrat
Aristocrat Headband	ARMOR	D	armor-set:Aristocrat
Ascetic's Ankle Guards	ARMOR	D	armor-set:Ascetic's
Ascetic's Loincloth	ARMOR	D	armor-set:Ascetic's
Ascetic's Wrist Guards	ARMOR	D	armor-set:Ascetic's
Braided Arm Wraps	ARMOR	D	armor-set:Braided
Braided Cord Robe	ARMOR	D	armor-set:Braided
Caterpillar Mask	ARMOR	D	armor-set:Caterpillar Mask
Chain Armor	ARMOR	D	armor-set:Chain
Chain Coif	ARMOR	D	armor-set:Chain
Chain Leggings	ARMOR	D	armor-set:Chain
Chain-Draped Tabard	ARMOR	D	armor-set:Chain
Champion Bracers	ARMOR	D	armor-set:Champion
Champion Gaiters	ARMOR	D	armor-set:Champion
Champion Headband	ARMOR	D	armor-set:Champion
Champion Pauldron	ARMOR	D	armor-set:Champion
Cloth Garb	ARMOR	D	armor-set:Cloth Garb
Cloth Trousers	ARMOR	D	armor-set:Cloth Trousers
Commoner's Garb	ARMOR	D	armor-set:Commoner's
Commoner's Headband	ARMOR	D	armor-set:Commoner's
Commoner's Headband (Altered)	ARMOR	D	armor-set:Commoner's
Commoner's Shoes	ARMOR	D	armor-set:Commoner's
Commoner's Simple Garb	ARMOR	D	armor-set:Commoner's
Dryleaf Arm Wraps	ARMOR	D	armor-set:Dryleaf
Dryleaf Cuissardes	ARMOR	D	armor-set:Dryleaf
Dryleaf Robe	ARMOR	D	armor-set:Dryleaf
Fang Helm	ARMOR	D	armor-set:Fang Helm
Fur Leggings	ARMOR	D	armor-set:Fur
Fur Raiment	ARMOR	D	armor-set:Fur
Gloried Attire	ARMOR	D	armor-set:Gloried Attire
Guilty Hood	ARMOR	D	armor-set:Guilty
High Page Clothes	ARMOR	D	armor-set:High Page
High Page Hood	ARMOR	D	armor-set:High Page
High Priest Gloves	ARMOR	D	armor-set:High Priest
High Priest Hat	ARMOR	D	armor-set:High Priest
High Priest Robe	ARMOR	D	armor-set:High Priest
High Priest Undergarments	ARMOR	D	armor-set:High Priest
Highland Attire	ARMOR	D	armor-set:Highland Attire
Iron Gauntlets	ARMOR	D	armor-set:Iron
Iron Helmet	ARMOR	D	armor-set:Iron
Iron Kasa	ARMOR	D	armor-set:Iron
Iron Rivet Armor	ARMOR	D	armor-set:Iron
Iron Rivet Gauntlets	ARMOR	D	armor-set:Iron
Iron Rivet Greaves	ARMOR	D	armor-set:Iron
Kaiden Armor	ARMOR	D	armor-set:Kaiden
Kaiden Gauntlets	ARMOR	D	armor-set:Kaiden
Kaiden Helm	ARMOR	D	armor-set:Kaiden
Kaiden Trousers	ARMOR	D	armor-set:Kaiden
Malenia's Armor	ARMOR	D	armor-set:Malenia's
Malenia's Gauntlet	ARMOR	D	armor-set:Malenia's
Malenia's Greaves	ARMOR	D	armor-set:Malenia's
Malenia's Winged Helm	ARMOR	D	armor-set:Malenia's
Nomadic Merchant's Chapeau	ARMOR	D	armor-set:Nomadic Merchant's
Nomadic Merchant's Finery	ARMOR	D	armor-set:Nomadic Merchant's
Nomadic Merchant's Trousers	ARMOR	D	armor-set:Nomadic Merchant's
Old Aristocrat Cowl	ARMOR	D	armor-set:Old Aristocrat
Old Aristocrat Gown	ARMOR	D	armor-set:Old Aristocrat
Old Aristocrat Shoes	ARMOR	D	armor-set:Old Aristocrat
Ruler's Mask	ARMOR	D	armor-set:Ruler's
Ruler's Robe	ARMOR	D	armor-set:Ruler's
Sage Hood	ARMOR	D	armor-set:Sage
Sage Robe	ARMOR	D	armor-set:Sage
Sage Trousers	ARMOR	D	armor-set:Sage
Scale Armor	ARMOR	D	armor-set:Scale Armor
Shaman Furs	ARMOR	D	armor-set:Shaman
Shaman Leggings	ARMOR	D	armor-set:Shaman
Traveler's Boots	ARMOR	D	armor-set:Traveler's
Traveler's Clothes	ARMOR	D	armor-set:Traveler's
Traveler's Gloves	ARMOR	D	armor-set:Traveler's
Traveler's Hat	ARMOR	D	armor-set:Traveler's
Traveler's Manchettes	ARMOR	D	armor-set:Traveler's
Traveler's Slops	ARMOR	D	armor-set:Traveler's
Wise Man's Mask	ARMOR	D	armor-set:Wise Man's Mask
Zamor Armor	ARMOR	D	armor-set:Zamor
Zamor Bracelets	ARMOR	D	armor-set:Zamor
Zamor Legwraps	ARMOR	D	armor-set:Zamor
Zamor Mask	ARMOR	D	armor-set:Zamor
Albinauric Mask	ARMOR	F	armor-set:Albinauric
Bloodsoaked Manchettes	ARMOR	F	armor-set:Bloodsoaked
Bloodsoaked Mask	ARMOR	F	armor-set:Bloodsoaked
Bloodsoaked Tabard	ARMOR	F	armor-set:Bloodsoaked
Festive Garb	ARMOR	F	armor-set:Festive
Festive Garb (Altered)	ARMOR	F	armor-set:Festive
Festive Hood	ARMOR	F	armor-set:Festive
Fia's Hood	ARMOR	F	armor-set:Fia's
Fia's Robe	ARMOR	F	armor-set:Fia's
Imp Head (Cat)	ARMOR	F	armor-set:Imp Head
Imp Head (Corpse)	ARMOR	F	armor-set:Imp Head
Imp Head (Elder)	ARMOR	F	armor-set:Imp Head
Imp Head (Fanged)	ARMOR	F	armor-set:Imp Head
Imp Head (Lion)	ARMOR	F	armor-set:Imp Head
Imp Head (Long-Tongued)	ARMOR	F	armor-set:Imp Head
Imp Head (Wolf)	ARMOR	F	armor-set:Imp Head
Juvenile Scholar Cap	ARMOR	F	armor-set:Juvenile Scholar
Juvenile Scholar Robe	ARMOR	F	armor-set:Juvenile Scholar
Marais Mask	ARMOR	F	armor-set:Marais
Marais Robe	ARMOR	F	armor-set:Marais
Marionette Soldier Armor	ARMOR	F	armor-set:Marionette Soldier
Marionette Soldier Birdhelm	ARMOR	F	armor-set:Marionette Soldier
Marionette Soldier Helm	ARMOR	F	armor-set:Marionette Soldier
Soiled Loincloth	ARMOR	F	armor-set:Soiled Loincloth
Azur's Glintstone Staff	WEAPON	S	weapon-consensus
Backhand Blade	WEAPON	S	weapon-consensus
Blasphemous Blade	WEAPON	S	weapon-consensus
Bloodfiend's Arm	WEAPON	S	weapon-consensus
Bloodhound's Fang	WEAPON	S	weapon-consensus
Carian Regal Scepter	WEAPON	S	weapon-consensus
Carian Thrusting Shield	WEAPON	S	weapon-consensus
Claws of Night	WEAPON	S	weapon-consensus
Dancing Blade of Ranah	WEAPON	S	weapon-consensus
Dark Moon Greatsword	WEAPON	S	weapon-consensus
Dragon Communion Seal	WEAPON	S	weapon-consensus
Dragon-Hunter's Great Katana	WEAPON	S	weapon-consensus
Eleonora's Poleblade	WEAPON	S	weapon-consensus
Erdtree Seal	WEAPON	S	weapon-consensus
Fallingstar Beast Jaw	WEAPON	S	weapon-consensus
Fire Knight's Greatsword	WEAPON	S	weapon-consensus
Ghiza's Wheel	WEAPON	S	weapon-consensus
Giant-Crusher	WEAPON	S	weapon-consensus
Godslayer's Greatsword	WEAPON	S	weapon-consensus
Golden Order Greatsword	WEAPON	S	weapon-consensus
Golden Order Seal	WEAPON	S	weapon-consensus
Greatsword of Solitude	WEAPON	S	weapon-consensus
Hand of Malenia	WEAPON	S	weapon-consensus
Lusat's Glintstone Staff	WEAPON	S	weapon-consensus
Maliketh's Black Blade	WEAPON	S	weapon-consensus
Marais Executioner's Sword	WEAPON	S	weapon-consensus
Milady	WEAPON	S	weapon-consensus
Mohgwyn's Sacred Spear	WEAPON	S	weapon-consensus
Moonveil	WEAPON	S	weapon-consensus
Nagakiba	WEAPON	S	weapon-consensus
Pata	WEAPON	S	weapon-consensus
Rakshasa's Great Katana	WEAPON	S	weapon-consensus
Rivers of Blood	WEAPON	S	weapon-consensus
Sacred Relic Sword	WEAPON	S	weapon-consensus
Spear of the Impaler	WEAPON	S	weapon-consensus
Staff of the Great Beyond	WEAPON	S	weapon-consensus
Starscourge Greatsword	WEAPON	S	weapon-consensus
Sword Lance	WEAPON	S	weapon-consensus
Sword of Night and Flame	WEAPON	S	weapon-consensus
Uchigatana	WEAPON	S	weapon-consensus
Wing of Astel	WEAPON	S	weapon-consensus
Academy Glintstone Staff	WEAPON	A	weapon-consensus
Ancient Meteoric Ore Greatsword	WEAPON	A	weapon-consensus
Antspur Rapier	WEAPON	A	weapon-consensus
Anvil Hammer	WEAPON	A	weapon-consensus
Axe of Godfrey	WEAPON	A	weapon-consensus
Axe of Godrick	WEAPON	A	weapon-consensus
Banished Knight's Greatsword	WEAPON	A	weapon-consensus
Bastard Sword	WEAPON	A	weapon-consensus
Bastard's Stars	WEAPON	A	weapon-consensus
Beast Claw	WEAPON	A	weapon-consensus
Beastclaw Greathammer	WEAPON	A	weapon-consensus
Beastman's Curved Sword	WEAPON	A	weapon-consensus
Black Bow	WEAPON	A	weapon-consensus
Black Knife	WEAPON	A	weapon-consensus
Black Steel Greathammer	WEAPON	A	weapon-consensus
Black Steel Twinblade	WEAPON	A	weapon-consensus
Bloodhound Claws	WEAPON	A	weapon-consensus
Bloody Helice	WEAPON	A	weapon-consensus
Bolt of Gransax	WEAPON	A	weapon-consensus
Carian Glintstone Staff	WEAPON	A	weapon-consensus
Cipher Pata	WEAPON	A	weapon-consensus
Clawmark Seal	WEAPON	A	weapon-consensus
Claymore	WEAPON	A	weapon-consensus
Coded Sword	WEAPON	A	weapon-consensus
Commander's Standard	WEAPON	A	weapon-consensus
Crescent Moon Axe	WEAPON	A	weapon-consensus
Cross-Naginata	WEAPON	A	weapon-consensus
Curseblade's Cirque	WEAPON	A	weapon-consensus
Death Knight's Longhaft Axe	WEAPON	A	weapon-consensus
Death's Poker	WEAPON	A	weapon-consensus
Devourer's Scepter	WEAPON	A	weapon-consensus
Dismounter	WEAPON	A	weapon-consensus
Dragon Halberd	WEAPON	A	weapon-consensus
Dragon King's Cragblade	WEAPON	A	weapon-consensus
Dragonscale Blade	WEAPON	A	weapon-consensus
Dryleaf Seal	WEAPON	A	weapon-consensus
Dueling Shield	WEAPON	A	weapon-consensus
Duelist Greataxe	WEAPON	A	weapon-consensus
Eclipse Shotel	WEAPON	A	weapon-consensus
Envoy's Long Horn	WEAPON	A	weapon-consensus
Erdtree Greatbow	WEAPON	A	weapon-consensus
Estoc	WEAPON	A	weapon-consensus
Euporia	WEAPON	A	weapon-consensus
Executioner's Greataxe	WEAPON	A	weapon-consensus
Falx	WEAPON	A	weapon-consensus
Finger Seal	WEAPON	A	weapon-consensus
Flamberge	WEAPON	A	weapon-consensus
Flowerstone Gavel	WEAPON	A	weapon-consensus
Flowing Curved Sword	WEAPON	A	weapon-consensus
Frenzied Flame Seal	WEAPON	A	weapon-consensus
Frozen Needle	WEAPON	A	weapon-consensus
Gargoyle's Black Axe	WEAPON	A	weapon-consensus
Gargoyle's Black Blades	WEAPON	A	weapon-consensus
Gargoyle's Blackblade	WEAPON	A	weapon-consensus
Gargoyle's Greatsword	WEAPON	A	weapon-consensus
Gargoyle's Twinblade	WEAPON	A	weapon-consensus
Gazing Finger	WEAPON	A	weapon-consensus
Gelmir Glintstone Staff	WEAPON	A	weapon-consensus
Giant's Red Braid	WEAPON	A	weapon-consensus
Giant's Seal	WEAPON	A	weapon-consensus
Godskin Peeler	WEAPON	A	weapon-consensus
Godskin Stitcher	WEAPON	A	weapon-consensus
Godslayer's Seal	WEAPON	A	weapon-consensus
Golem's Halberd	WEAPON	A	weapon-consensus
Grafted Blade Greatsword	WEAPON	A	weapon-consensus
Grafted Dragon	WEAPON	A	weapon-consensus
Gravel Stone Seal	WEAPON	A	weapon-consensus
Great Katana	WEAPON	A	weapon-consensus
Great Stars	WEAPON	A	weapon-consensus
Great Épée	WEAPON	A	weapon-consensus
Greataxe	WEAPON	A	weapon-consensus
Greatsword	WEAPON	A	weapon-consensus
Greatsword of Damnation	WEAPON	A	weapon-consensus
Greatsword of Radahn (Lord)	WEAPON	A	weapon-consensus
Guardian's Swordspear	WEAPON	A	weapon-consensus
Halo Scythe	WEAPON	A	weapon-consensus
Helphen's Steeple	WEAPON	A	weapon-consensus
Hoslow's Petal Whip	WEAPON	A	weapon-consensus
Inseparable Sword	WEAPON	A	weapon-consensus
Iron Ball	WEAPON	A	weapon-consensus
Leda's Sword	WEAPON	A	weapon-consensus
Lion Greatbow	WEAPON	A	weapon-consensus
Lizard Greatsword	WEAPON	A	weapon-consensus
Loretta's War Sickle	WEAPON	A	weapon-consensus
Magma Wyrm's Scalesword	WEAPON	A	weapon-consensus
Mantis Blade	WEAPON	A	weapon-consensus
Marika's Hammer	WEAPON	A	weapon-consensus
Messmer Soldier's Axe	WEAPON	A	weapon-consensus
Messmer Soldier's Spear	WEAPON	A	weapon-consensus
Meteoric Ore Blade	WEAPON	A	weapon-consensus
Monk's Flameblade	WEAPON	A	weapon-consensus
Morgott's Cursed Sword	WEAPON	A	weapon-consensus
Nightrider Flail	WEAPON	A	weapon-consensus
Nightrider Glaive	WEAPON	A	weapon-consensus
Ordovis's Greatsword	WEAPON	A	weapon-consensus
Pest's Glaive	WEAPON	A	weapon-consensus
Poisoned Hand	WEAPON	A	weapon-consensus
Prelate's Inferno Crozier	WEAPON	A	weapon-consensus
Prince of Death's Staff	WEAPON	A	weapon-consensus
Pulley Bow	WEAPON	A	weapon-consensus
Putrescence Cleaver	WEAPON	A	weapon-consensus
Rapier	WEAPON	A	weapon-consensus
Red Bear's Claw	WEAPON	A	weapon-consensus
Reduvia	WEAPON	A	weapon-consensus
Rellana's Twin Blades	WEAPON	A	weapon-consensus
Royal Greatsword	WEAPON	A	weapon-consensus
Ruins Greatsword	WEAPON	A	weapon-consensus
Rusted Anchor	WEAPON	A	weapon-consensus
Scavenger's Curved Sword	WEAPON	A	weapon-consensus
Serpent Bow	WEAPON	A	weapon-consensus
Serpent-God's Curved Sword	WEAPON	A	weapon-consensus
Serpent-Hunter	WEAPON	A	weapon-consensus
Serpentbone Blade	WEAPON	A	weapon-consensus
Shadow Sunflower Blossom	WEAPON	A	weapon-consensus
Siluria's Tree	WEAPON	A	weapon-consensus
Smithscript Cirque	WEAPON	A	weapon-consensus
Smithscript Shield	WEAPON	A	weapon-consensus
Star Fist	WEAPON	A	weapon-consensus
Star-Lined Sword	WEAPON	A	weapon-consensus
Sword of Milos	WEAPON	A	weapon-consensus
Treespear	WEAPON	A	weapon-consensus
Troll's Hammer	WEAPON	A	weapon-consensus
Urumi	WEAPON	A	weapon-consensus
Venomous Fang	WEAPON	A	weapon-consensus
Verdigris Greatshield	WEAPON	A	weapon-consensus
Vyke's War Spear	WEAPON	A	weapon-consensus
Wakizashi	WEAPON	A	weapon-consensus
Winged Greathorn	WEAPON	A	weapon-consensus
Winged Scythe	WEAPON	A	weapon-consensus
Zweihander	WEAPON	A	weapon-consensus
Alabaster Lord's Sword	WEAPON	B	weapon-consensus
Albinauric Staff	WEAPON	B	weapon-consensus
Arbalest	WEAPON	B	weapon-consensus
Astrologer's Staff	WEAPON	B	weapon-consensus
Bandit's Curved Sword	WEAPON	B	weapon-consensus
Banished Knight's Halberd	WEAPON	B	weapon-consensus
Barbed Staff-Spear	WEAPON	B	weapon-consensus
Battle Axe	WEAPON	B	weapon-consensus
Battle Hammer	WEAPON	B	weapon-consensus
Beastman's Cleaver	WEAPON	B	weapon-consensus
Black Steel Greatshield	WEAPON	B	weapon-consensus
Blade of Calling	WEAPON	B	weapon-consensus
Bloodfiend's Fork	WEAPON	B	weapon-consensus
Bone Bow	WEAPON	B	weapon-consensus
Brick Hammer	WEAPON	B	weapon-consensus
Broadsword	WEAPON	B	weapon-consensus
Caestus	WEAPON	B	weapon-consensus
Cane Sword	WEAPON	B	weapon-consensus
Carian Glintblade Staff	WEAPON	B	weapon-consensus
Carian Knight's Sword	WEAPON	B	weapon-consensus
Carian Sorcery Sword	WEAPON	B	weapon-consensus
Chainlink Flail	WEAPON	B	weapon-consensus
Cinquedea	WEAPON	B	weapon-consensus
Clayman's Harpoon	WEAPON	B	weapon-consensus
Cleanrot Knight's Sword	WEAPON	B	weapon-consensus
Cleanrot Spear	WEAPON	B	weapon-consensus
Clinging Bone	WEAPON	B	weapon-consensus
Club	WEAPON	B	weapon-consensus
Composite Bow	WEAPON	B	weapon-consensus
Crepus's Black-Key Crossbow	WEAPON	B	weapon-consensus
Crystal Knife	WEAPON	B	weapon-consensus
Crystal Spear	WEAPON	B	weapon-consensus
Crystal Staff	WEAPON	B	weapon-consensus
Crystal Sword	WEAPON	B	weapon-consensus
Curved Great Club	WEAPON	B	weapon-consensus
Dane's Footwork	WEAPON	B	weapon-consensus
Death Knight's Twin Axes	WEAPON	B	weapon-consensus
Death Ritual Spear	WEAPON	B	weapon-consensus
Digger's Staff	WEAPON	B	weapon-consensus
Dragon Greatclaw	WEAPON	B	weapon-consensus
Dryleaf Arts	WEAPON	B	weapon-consensus
Envoy's Greathorn	WEAPON	B	weapon-consensus
Erdsteel Dagger	WEAPON	B	weapon-consensus
Erdtree Bow	WEAPON	B	weapon-consensus
Falchion	WEAPON	B	weapon-consensus
Family Heads	WEAPON	B	weapon-consensus
Fire Knight's Seal	WEAPON	B	weapon-consensus
Firespark Perfume Bottle	WEAPON	B	weapon-consensus
Flail	WEAPON	B	weapon-consensus
Forked Greatsword	WEAPON	B	weapon-consensus
Frenzyflame Perfume Bottle	WEAPON	B	weapon-consensus
Freyja's Greatsword	WEAPON	B	weapon-consensus
Full Moon Crossbow	WEAPON	B	weapon-consensus
Gargoyle's Black Halberd	WEAPON	B	weapon-consensus
Gargoyle's Great Axe	WEAPON	B	weapon-consensus
Gargoyle's Halberd	WEAPON	B	weapon-consensus
Glaive	WEAPON	B	weapon-consensus
Glintstone Kris	WEAPON	B	weapon-consensus
Glintstone Staff	WEAPON	B	weapon-consensus
Golden Epitaph	WEAPON	B	weapon-consensus
Golden Halberd	WEAPON	B	weapon-consensus
Grave Scythe	WEAPON	B	weapon-consensus
Great Club	WEAPON	B	weapon-consensus
Great Knife	WEAPON	B	weapon-consensus
Great Mace	WEAPON	B	weapon-consensus
Great Omenkiller Cleaver	WEAPON	B	weapon-consensus
Greatbow	WEAPON	B	weapon-consensus
Greathorn Hammer	WEAPON	B	weapon-consensus
Grossmesser	WEAPON	B	weapon-consensus
Halberd	WEAPON	B	weapon-consensus
Hammer	WEAPON	B	weapon-consensus
Hand Axe	WEAPON	B	weapon-consensus
Hand Ballista	WEAPON	B	weapon-consensus
Harp Bow	WEAPON	B	weapon-consensus
Heavy Crossbow	WEAPON	B	weapon-consensus
Highland Axe	WEAPON	B	weapon-consensus
Hookclaws	WEAPON	B	weapon-consensus
Horn Bow	WEAPON	B	weapon-consensus
Horned Warrior's Greatsword	WEAPON	B	weapon-consensus
Horned Warrior's Sword	WEAPON	B	weapon-consensus
Icerind Hatchet	WEAPON	B	weapon-consensus
Igon's Greatbow	WEAPON	B	weapon-consensus
Inquisitor's Girandole	WEAPON	B	weapon-consensus
Iron Greatsword	WEAPON	B	weapon-consensus
Iron Spear	WEAPON	B	weapon-consensus
Jar Cannon	WEAPON	B	weapon-consensus
Jawbone Axe	WEAPON	B	weapon-consensus
Katar	WEAPON	B	weapon-consensus
Knight's Greatsword	WEAPON	B	weapon-consensus
Lance	WEAPON	B	weapon-consensus
Large Club	WEAPON	B	weapon-consensus
Lazuli Glintstone Sword	WEAPON	B	weapon-consensus
Light Crossbow	WEAPON	B	weapon-consensus
Lightning Perfume Bottle	WEAPON	B	weapon-consensus
Longbow	WEAPON	B	weapon-consensus
Longhaft Axe	WEAPON	B	weapon-consensus
Longsword	WEAPON	B	weapon-consensus
Lordsworn's Greatsword	WEAPON	B	weapon-consensus
Lordsworn's Straight Sword	WEAPON	B	weapon-consensus
Lucerne	WEAPON	B	weapon-consensus
Mace	WEAPON	B	weapon-consensus
Magma Blade	WEAPON	B	weapon-consensus
Magma Whip Candlestick	WEAPON	B	weapon-consensus
Maternal Staff	WEAPON	B	weapon-consensus
Meteorite Staff	WEAPON	B	weapon-consensus
Miquellan Knight's Sword	WEAPON	B	weapon-consensus
Moonrithyll's Knight Sword	WEAPON	B	weapon-consensus
Morning Star	WEAPON	B	weapon-consensus
Noble's Estoc	WEAPON	B	weapon-consensus
Noble's Slender Sword	WEAPON	B	weapon-consensus
Nox Flowing Sword	WEAPON	B	weapon-consensus
Obsidian Lamina	WEAPON	B	weapon-consensus
Omen Cleaver	WEAPON	B	weapon-consensus
Onyx Lord's Greatsword	WEAPON	B	weapon-consensus
Partisan	WEAPON	B	weapon-consensus
Pike	WEAPON	B	weapon-consensus
Poleblade of the Bud	WEAPON	B	weapon-consensus
Pulley Crossbow	WEAPON	B	weapon-consensus
Queelign's Greatsword	WEAPON	B	weapon-consensus
Rabbath's Cannon	WEAPON	B	weapon-consensus
Raptor Talons	WEAPON	B	weapon-consensus
Regalia of Eochaid	WEAPON	B	weapon-consensus
Ripple Crescent Halberd	WEAPON	B	weapon-consensus
Rogier's Rapier	WEAPON	B	weapon-consensus
Rosus' Axe	WEAPON	B	weapon-consensus
Rotten Crystal Spear	WEAPON	B	weapon-consensus
Rotten Crystal Staff	WEAPON	B	weapon-consensus
Rotten Crystal Sword	WEAPON	B	weapon-consensus
Rotten Greataxe	WEAPON	B	weapon-consensus
Sacred Butchering Knife	WEAPON	B	weapon-consensus
Sacrificial Axe	WEAPON	B	weapon-consensus
Scimitar	WEAPON	B	weapon-consensus
Scorpion's Stinger	WEAPON	B	weapon-consensus
Scythe	WEAPON	B	weapon-consensus
Serpent Flail	WEAPON	B	weapon-consensus
Shamshir	WEAPON	B	weapon-consensus
Short Sword	WEAPON	B	weapon-consensus
Shortbow	WEAPON	B	weapon-consensus
Shotel	WEAPON	B	weapon-consensus
Smithscript Axe	WEAPON	B	weapon-consensus
Smithscript Greathammer	WEAPON	B	weapon-consensus
Spear	WEAPON	B	weapon-consensus
Spiked Caestus	WEAPON	B	weapon-consensus
Spiked Spear	WEAPON	B	weapon-consensus
Staff of Loss	WEAPON	B	weapon-consensus
Staff of the Avatar	WEAPON	B	weapon-consensus
Staff of the Guilty	WEAPON	B	weapon-consensus
Stone Club	WEAPON	B	weapon-consensus
Stormhawk Axe	WEAPON	B	weapon-consensus
Sword of Darkness	WEAPON	B	weapon-consensus
Sword of Light	WEAPON	B	weapon-consensus
Sword of Night	WEAPON	B	weapon-consensus
Troll Knight's Sword	WEAPON	B	weapon-consensus
Troll's Golden Sword	WEAPON	B	weapon-consensus
Twinblade	WEAPON	B	weapon-consensus
Twinned Knight Swords	WEAPON	B	weapon-consensus
Veteran's Prosthesis	WEAPON	B	weapon-consensus
Vulgar Militia Saw	WEAPON	B	weapon-consensus
Warhawk's Talon	WEAPON	B	weapon-consensus
Watchdog's Greatsword	WEAPON	B	weapon-consensus
Watchdog's Staff	WEAPON	B	weapon-consensus
Whip	WEAPON	B	weapon-consensus
Zamor Curved Sword	WEAPON	B	weapon-consensus
Albinauric Bow	WEAPON	C	weapon-consensus
Ansbach's Longbow	WEAPON	C	weapon-consensus
Bloodstained Dagger	WEAPON	C	weapon-consensus
Bonny Butchering Knife	WEAPON	C	weapon-consensus
Celebrant's Cleaver	WEAPON	C	weapon-consensus
Celebrant's Rib-Rake	WEAPON	C	weapon-consensus
Celebrant's Sickle	WEAPON	C	weapon-consensus
Celebrant's Skull	WEAPON	C	weapon-consensus
Chilling Perfume Bottle	WEAPON	C	weapon-consensus
Cranial Vessel Candlestand	WEAPON	C	weapon-consensus
Curved Club	WEAPON	C	weapon-consensus
Dagger	WEAPON	C	weapon-consensus
Deadly Poison Perfume Bottle	WEAPON	C	weapon-consensus
Demi-Human Queen's Staff	WEAPON	C	weapon-consensus
Fire Knight's Shortsword	WEAPON	C	weapon-consensus
Forked Hatchet	WEAPON	C	weapon-consensus
Golden Lion Shield	WEAPON	C	weapon-consensus
Golem Fist	WEAPON	C	weapon-consensus
Golem Greatbow	WEAPON	C	weapon-consensus
Greatsword of Radahn (Light)	WEAPON	C	weapon-consensus
Igon's Harpoon	WEAPON	C	weapon-consensus
Iron Cleaver	WEAPON	C	weapon-consensus
Ivory Sickle	WEAPON	C	weapon-consensus
Lamenting Visage	WEAPON	C	weapon-consensus
Madding Hand	WEAPON	C	weapon-consensus
Misbegotten Shortbow	WEAPON	C	weapon-consensus
Miséricorde	WEAPON	C	weapon-consensus
Monk's Flamemace	WEAPON	C	weapon-consensus
Nox Flowing Hammer	WEAPON	C	weapon-consensus
Ornamental Straight Sword	WEAPON	C	weapon-consensus
Parrying Dagger	WEAPON	C	weapon-consensus
Pickaxe	WEAPON	C	weapon-consensus
Red Branch Shortbow	WEAPON	C	weapon-consensus
Ringed Finger	WEAPON	C	weapon-consensus
Ripple Blade	WEAPON	C	weapon-consensus
Rotten Staff	WEAPON	C	weapon-consensus
Shield of Night	WEAPON	C	weapon-consensus
Short Spear	WEAPON	C	weapon-consensus
Smithscript Dagger	WEAPON	C	weapon-consensus
Smithscript Spear	WEAPON	C	weapon-consensus
Soldier's Crossbow	WEAPON	C	weapon-consensus
Spiked Club	WEAPON	C	weapon-consensus
Spirit Glaive	WEAPON	C	weapon-consensus
Spirit Sword	WEAPON	C	weapon-consensus
Spread Crossbow	WEAPON	C	weapon-consensus
Swift Spear	WEAPON	C	weapon-consensus
Sword of St. Trina	WEAPON	C	weapon-consensus
Thiollier's Hidden Needle	WEAPON	C	weapon-consensus
Thorned Whip	WEAPON	C	weapon-consensus
Torchpole	WEAPON	C	weapon-consensus
Velvet Sword of St. Trina	WEAPON	C	weapon-consensus
Vulgar Militia Shotel	WEAPON	C	weapon-consensus
Warped Axe	WEAPON	C	weapon-consensus
Warpick	WEAPON	C	weapon-consensus
Weathered Straight Sword	WEAPON	C	weapon-consensus
Beast-Repellent Torch	WEAPON	D	weapon-consensus
Devonia's Hammer	WEAPON	D	weapon-consensus
Envoy's Horn	WEAPON	D	weapon-consensus
Ghostflame Torch	WEAPON	D	weapon-consensus
Main-gauche	WEAPON	D	weapon-consensus
Messmer Soldier Shield	WEAPON	D	weapon-consensus
Nanaya's Torch	WEAPON	D	weapon-consensus
Rotten Battle Hammer	WEAPON	D	weapon-consensus
Scepter of the All-Knowing	WEAPON	D	weapon-consensus
Sentry's Torch	WEAPON	D	weapon-consensus
Serpent Crest Shield	WEAPON	D	weapon-consensus
Spiraltree Seal	WEAPON	D	weapon-consensus
St. Trina's Torch	WEAPON	D	weapon-consensus
Steel-Wire Torch	WEAPON	D	weapon-consensus
Torch	WEAPON	D	weapon-consensus
Varré's Bouquet	WEAPON	D	weapon-consensus
Wolf Crest Shield	WEAPON	D	weapon-consensus
Bloodfiend's Sacred Spear	WEAPON	F	weapon-consensus
Forked-Tongue Hatchet	WEAPON	F	weapon-consensus
Repeating Crossbow	WEAPON	F	weapon-consensus
Stone-Sheathed Sword	WEAPON	F	weapon-consensus
Tooth Whip	WEAPON	F	weapon-consensus
Comet Azur	SPELL	S	spell-pve-consensus:sorcery
Rock Sling	SPELL	S	spell-pve-consensus:sorcery
Adula's Moonblade	SPELL	S	spell-pve-consensus:sorcery
Ranni's Dark Moon	SPELL	S	spell-pve-consensus:sorcery
Stars of Ruin	SPELL	S	spell-pve-consensus:sorcery
Comet	SPELL	S	spell-pve-consensus:sorcery
Night Comet	SPELL	S	spell-pve-consensus:sorcery
Rellana's Twin Moons	SPELL	S	spell-pve-consensus:sorcery
Founding Rain of Stars	SPELL	A	spell-pve-consensus:sorcery
Gravitational Missile	SPELL	A	spell-pve-consensus:sorcery
Rings of Spectral Light	SPELL	A	spell-pve-consensus:sorcery
Glintstone Cometshard	SPELL	A	spell-pve-consensus:sorcery
Carian Slicer	SPELL	A	spell-pve-consensus:sorcery
Carian Greatsword	SPELL	A	spell-pve-consensus:sorcery
Carian Piercer	SPELL	A	spell-pve-consensus:sorcery
Greatblade Phalanx	SPELL	A	spell-pve-consensus:sorcery
Meteorite	SPELL	A	spell-pve-consensus:sorcery
Meteorite of Astel	SPELL	A	spell-pve-consensus:sorcery
Collapsing Stars	SPELL	A	spell-pve-consensus:sorcery
Glintstone Nails	SPELL	A	spell-pve-consensus:sorcery
Impenetrable Thorns	SPELL	A	spell-pve-consensus:sorcery
Blades of Stone	SPELL	A	spell-pve-consensus:sorcery
Glintblade Trio	SPELL	A	spell-pve-consensus:sorcery
Loretta's Greatbow	SPELL	A	spell-pve-consensus:sorcery
Ancient Dragons' Lightning Strike	SPELL	S	spell-pve-consensus:incantation
Fortissax's Lightning Spear	SPELL	S	spell-pve-consensus:incantation
Ancient Dragons' Lightning Spear	SPELL	S	spell-pve-consensus:incantation
Lansseax's Glaive	SPELL	S	spell-pve-consensus:incantation
Pest Threads	SPELL	S	spell-pve-consensus:incantation
Pest-Thread Spears	SPELL	S	spell-pve-consensus:incantation
Knight's Lightning Spear	SPELL	S	spell-pve-consensus:incantation
Flame, Grant Me Strength	SPELL	S	spell-pve-consensus:incantation
Golden Vow (Incantation)	SPELL	S	spell-pve-consensus:incantation
Rotten Breath	SPELL	S	spell-pve-consensus:incantation
Discus of Light	SPELL	A	spell-pve-consensus:incantation
Lightning Spear	SPELL	A	spell-pve-consensus:incantation
Black Flame	SPELL	A	spell-pve-consensus:incantation
Giantsflame Take Thee	SPELL	A	spell-pve-consensus:incantation
Flame of the Fell God	SPELL	A	spell-pve-consensus:incantation
Ekzykes's Decay	SPELL	A	spell-pve-consensus:incantation
Bloodflame Talons	SPELL	A	spell-pve-consensus:incantation
Flame Sling	SPELL	A	spell-pve-consensus:incantation
Fire Serpent	SPELL	A	spell-pve-consensus:incantation
Unendurable Frenzy	SPELL	A	spell-pve-consensus:incantation
Howl of Shabriri	SPELL	A	spell-pve-consensus:incantation
Multilayered Ring of Light	SPELL	A	spell-pve-consensus:incantation
Dragonbolt Blessing	SPELL	A	spell-pve-consensus:incantation
Dragonbolt of Florissax	SPELL	A	spell-pve-consensus:incantation
Scarlet Aeonia	SPELL	A	spell-pve-consensus:incantation
Black Blade	SPELL	A	spell-pve-consensus:incantation
Bayle's Tyranny	SPELL	A	spell-pve-consensus:incantation
Midra's Flame of Frenzy	SPELL	A	spell-pve-consensus:incantation
Furious Blade of Ansbach	SPELL	A	spell-pve-consensus:incantation
Messmer's Orb	SPELL	A	spell-pve-consensus:incantation
Flame, Cleanse Me	SPELL	A	spell-pve-consensus:incantation
Borealis's Mist	SPELL	A	spell-pve-consensus:incantation
Aspects of the Crucible: Tail	SPELL	A	spell-pve-consensus:incantation
Ash of War: Aspects of the Crucible: Wings	ASHOFWAR	B	ashofwar:pve-curated-2026-06
Ash of War: Assassin's Gambit	ASHOFWAR	B	ashofwar:pve-curated-2026-06
Ash of War: Barbaric Roar	ASHOFWAR	A	ashofwar:pve-curated-2026-06
Ash of War: Barrage	ASHOFWAR	C	ashofwar:pve-curated-2026-06
Ash of War: Barricade Shield	ASHOFWAR	C	ashofwar:pve-curated-2026-06
Ash of War: Beast's Roar	ASHOFWAR	B	ashofwar:pve-curated-2026-06
Ash of War: Black Flame Tornado	ASHOFWAR	A	ashofwar:pve-curated-2026-06
Ash of War: Blinkbolt	ASHOFWAR	A	ashofwar:pve-curated-2026-06
Ash of War: Blood Blade	ASHOFWAR	C	ashofwar:pve-curated-2026-06
Ash of War: Blood Tax	ASHOFWAR	B	ashofwar:pve-curated-2026-06
Ash of War: Bloodhound's Step	ASHOFWAR	S	ashofwar:pve-curated-2026-06
Ash of War: Bloody Slash	ASHOFWAR	A	ashofwar:pve-curated-2026-06
Ash of War: Carian Grandeur	ASHOFWAR	A	ashofwar:pve-curated-2026-06
Ash of War: Carian Greatsword	ASHOFWAR	B	ashofwar:pve-curated-2026-06
Ash of War: Carian Retaliation	ASHOFWAR	B	ashofwar:pve-curated-2026-06
Ash of War: Carian Sovereignty	ASHOFWAR	A	ashofwar:pve-curated-2026-06
Ash of War: Charge Forth	ASHOFWAR	C	ashofwar:pve-curated-2026-06
Ash of War: Chilling Mist	ASHOFWAR	C	ashofwar:pve-curated-2026-06
Ash of War: Cragblade	ASHOFWAR	A	ashofwar:pve-curated-2026-06
Ash of War: Determination	ASHOFWAR	S	ashofwar:pve-curated-2026-06
Ash of War: Divine Beast Frost Stomp	ASHOFWAR	A	ashofwar:pve-curated-2026-06
Ash of War: Double Slash	ASHOFWAR	C	ashofwar:pve-curated-2026-06
Ash of War: Dryleaf Whirlwind	ASHOFWAR	B	ashofwar:pve-curated-2026-06
Ash of War: Earthshaker	ASHOFWAR	A	ashofwar:pve-curated-2026-06
Ash of War: Enchanted Shot	ASHOFWAR	C	ashofwar:pve-curated-2026-06
Ash of War: Endure	ASHOFWAR	A	ashofwar:pve-curated-2026-06
Ash of War: Eruption	ASHOFWAR	B	ashofwar:pve-curated-2026-06
Ash of War: Flame Skewer	ASHOFWAR	C	ashofwar:pve-curated-2026-06
Ash of War: Flame Spear	ASHOFWAR	C	ashofwar:pve-curated-2026-06
Ash of War: Flame of the Redmanes	ASHOFWAR	S	ashofwar:pve-curated-2026-06
Ash of War: Flaming Strike	ASHOFWAR	A	ashofwar:pve-curated-2026-06
Ash of War: Ghostflame Call	ASHOFWAR	B	ashofwar:pve-curated-2026-06
Ash of War: Giant Hunt	ASHOFWAR	A	ashofwar:pve-curated-2026-06
Ash of War: Glintstone Pebble	ASHOFWAR	C	ashofwar:pve-curated-2026-06
Ash of War: Golden Land	ASHOFWAR	B	ashofwar:pve-curated-2026-06
Ash of War: Golden Parry	ASHOFWAR	B	ashofwar:pve-curated-2026-06
Ash of War: Golden Slam	ASHOFWAR	B	ashofwar:pve-curated-2026-06
Ash of War: Golden Vow	ASHOFWAR	S	ashofwar:pve-curated-2026-06
Ash of War: Gravitas	ASHOFWAR	B	ashofwar:pve-curated-2026-06
Ash of War: Ground Slam	ASHOFWAR	C	ashofwar:pve-curated-2026-06
Ash of War: Hoarah Loux's Earthshaker	ASHOFWAR	A	ashofwar:pve-curated-2026-06
Ash of War: Hoarfrost Stomp	ASHOFWAR	A	ashofwar:pve-curated-2026-06
Ash of War: Holy Ground	ASHOFWAR	B	ashofwar:pve-curated-2026-06
Ash of War: Ice Spear	ASHOFWAR	C	ashofwar:pve-curated-2026-06
Ash of War: Impaling Thrust	ASHOFWAR	C	ashofwar:pve-curated-2026-06
Ash of War: Kick	ASHOFWAR	D	ashofwar:pve-curated-2026-06
Ash of War: Lifesteal Fist	ASHOFWAR	B	ashofwar:pve-curated-2026-06
Ash of War: Lightning Ram	ASHOFWAR	B	ashofwar:pve-curated-2026-06
Ash of War: Lightning Slash	ASHOFWAR	A	ashofwar:pve-curated-2026-06
Ash of War: Lion's Claw	ASHOFWAR	S	ashofwar:pve-curated-2026-06
Ash of War: Loretta's Slash	ASHOFWAR	B	ashofwar:pve-curated-2026-06
Ash of War: Mighty Shot	ASHOFWAR	C	ashofwar:pve-curated-2026-06
Ash of War: No Skill	ASHOFWAR	F	ashofwar:pve-curated-2026-06
Ash of War: Parry	ASHOFWAR	C	ashofwar:pve-curated-2026-06
Ash of War: Phantom Slash	ASHOFWAR	A	ashofwar:pve-curated-2026-06
Ash of War: Piercing Throw	ASHOFWAR	C	ashofwar:pve-curated-2026-06
Ash of War: Poison Moth Flight	ASHOFWAR	B	ashofwar:pve-curated-2026-06
Ash of War: Poisonous Mist	ASHOFWAR	D	ashofwar:pve-curated-2026-06
Ash of War: Prayerful Strike	ASHOFWAR	B	ashofwar:pve-curated-2026-06
Ash of War: Prelate's Charge	ASHOFWAR	A	ashofwar:pve-curated-2026-06
Ash of War: Quickstep	ASHOFWAR	A	ashofwar:pve-curated-2026-06
Ash of War: Raging Beast	ASHOFWAR	B	ashofwar:pve-curated-2026-06
Ash of War: Rain of Arrows	ASHOFWAR	B	ashofwar:pve-curated-2026-06
Ash of War: Raptor of the Mists	ASHOFWAR	A	ashofwar:pve-curated-2026-06
Ash of War: Repeating Thrust	ASHOFWAR	B	ashofwar:pve-curated-2026-06
Ash of War: Rolling Sparks	ASHOFWAR	B	ashofwar:pve-curated-2026-06
Ash of War: Royal Knight's Resolve	ASHOFWAR	S	ashofwar:pve-curated-2026-06
Ash of War: Sacred Blade	ASHOFWAR	B	ashofwar:pve-curated-2026-06
Ash of War: Sacred Order	ASHOFWAR	B	ashofwar:pve-curated-2026-06
Ash of War: Sacred Ring of Light	ASHOFWAR	B	ashofwar:pve-curated-2026-06
Ash of War: Savage Lion's Claw	ASHOFWAR	S	ashofwar:pve-curated-2026-06
Ash of War: Scattershot Throw	ASHOFWAR	C	ashofwar:pve-curated-2026-06
Ash of War: Seppuku	ASHOFWAR	S	ashofwar:pve-curated-2026-06
Ash of War: Shared Order	ASHOFWAR	C	ashofwar:pve-curated-2026-06
Ash of War: Shield Bash	ASHOFWAR	C	ashofwar:pve-curated-2026-06
Ash of War: Shield Crash	ASHOFWAR	B	ashofwar:pve-curated-2026-06
Ash of War: Shriek of Sorrow	ASHOFWAR	B	ashofwar:pve-curated-2026-06
Ash of War: Sky Shot	ASHOFWAR	C	ashofwar:pve-curated-2026-06
Ash of War: Spectral Lance	ASHOFWAR	B	ashofwar:pve-curated-2026-06
Ash of War: Spinning Slash	ASHOFWAR	B	ashofwar:pve-curated-2026-06
Ash of War: Spinning Weapon	ASHOFWAR	B	ashofwar:pve-curated-2026-06
Ash of War: Square Off	ASHOFWAR	A	ashofwar:pve-curated-2026-06
Ash of War: Stamp (Sweep)	ASHOFWAR	B	ashofwar:pve-curated-2026-06
Ash of War: Stamp (Upward Cut)	ASHOFWAR	A	ashofwar:pve-curated-2026-06
Ash of War: Storm Assault	ASHOFWAR	B	ashofwar:pve-curated-2026-06
Ash of War: Storm Blade	ASHOFWAR	A	ashofwar:pve-curated-2026-06
Ash of War: Storm Stomp	ASHOFWAR	B	ashofwar:pve-curated-2026-06
Ash of War: Storm Wall	ASHOFWAR	C	ashofwar:pve-curated-2026-06
Ash of War: Stormcaller	ASHOFWAR	B	ashofwar:pve-curated-2026-06
Ash of War: Swift Slash	ASHOFWAR	B	ashofwar:pve-curated-2026-06
Ash of War: Sword Dance	ASHOFWAR	B	ashofwar:pve-curated-2026-06
Ash of War: The Poison Flower Blooms Twice	ASHOFWAR	A	ashofwar:pve-curated-2026-06
Ash of War: Thops's Barrier	ASHOFWAR	D	ashofwar:pve-curated-2026-06
Ash of War: Through and Through	ASHOFWAR	B	ashofwar:pve-curated-2026-06
Ash of War: Thunderbolt	ASHOFWAR	B	ashofwar:pve-curated-2026-06
Ash of War: Troll's Roar	ASHOFWAR	B	ashofwar:pve-curated-2026-06
Ash of War: Unsheathe	ASHOFWAR	A	ashofwar:pve-curated-2026-06
Ash of War: Vacuum Slice	ASHOFWAR	B	ashofwar:pve-curated-2026-06
Ash of War: Vow of the Indomitable	ASHOFWAR	B	ashofwar:pve-curated-2026-06
Ash of War: Wall of Sparks	ASHOFWAR	C	ashofwar:pve-curated-2026-06
Ash of War: War Cry	ASHOFWAR	A	ashofwar:pve-curated-2026-06
Ash of War: Waves of Darkness	ASHOFWAR	S	ashofwar:pve-curated-2026-06
Ash of War: White Shadow's Lure	ASHOFWAR	C	ashofwar:pve-curated-2026-06
Ash of War: Wild Strikes	ASHOFWAR	B	ashofwar:pve-curated-2026-06
Ash of War: Wing Stance	ASHOFWAR	A	ashofwar:pve-curated-2026-06
Aged One's Exultation	TALISMAN	B	community-curated:rankedboost+aoeah+gamerant-2026-07
Ailment Talisman	TALISMAN	B	community-curated:rankedboost+aoeah+gamerant-2026-07
Arrow's Reach Talisman	TALISMAN	A	community-curated:rankedboost+aoeah+gamerant-2026-07
Arrow's Soaring Sting Talisman	TALISMAN	A	community-curated:rankedboost+aoeah+gamerant-2026-07
Arrow's Sting Talisman	TALISMAN	B	community-curated:rankedboost+aoeah+gamerant-2026-07
Arsenal Charm +1	TALISMAN	B	community-curated:rankedboost+aoeah+gamerant-2026-07
Assassin's Cerulean Dagger	TALISMAN	B	community-curated:rankedboost+aoeah+gamerant-2026-07
Assassin's Crimson Dagger	TALISMAN	C	community-curated:rankedboost+aoeah+gamerant-2026-07
Axe Talisman	TALISMAN	B	community-curated:rankedboost+aoeah+gamerant-2026-07
Blade of Mercy	TALISMAN	A	community-curated:rankedboost+aoeah+gamerant-2026-07
Blessed Blue Dew Talisman	TALISMAN	A	community-curated:rankedboost+aoeah+gamerant-2026-07
Blessed Dew Talisman	TALISMAN	C	community-curated:rankedboost+aoeah+gamerant-2026-07
Blue Dancer Charm	TALISMAN	B	community-curated:rankedboost+aoeah+gamerant-2026-07
Blue-Feathered Branchsword	TALISMAN	C	community-curated:rankedboost+aoeah+gamerant-2026-07
Boltdrake Talisman	TALISMAN	C	community-curated:rankedboost+aoeah+gamerant-2026-07
Boltdrake Talisman +1	TALISMAN	C	community-curated:rankedboost+aoeah+gamerant-2026-07
Boltdrake Talisman +2	TALISMAN	C	community-curated:rankedboost+aoeah+gamerant-2026-07
Boltdrake Talisman +3	TALISMAN	C	community-curated:rankedboost+aoeah+gamerant-2026-07
Bull-Goat's Talisman	TALISMAN	C	community-curated:rankedboost+aoeah+gamerant-2026-07
Carian Filigreed Crest	TALISMAN	A	community-curated:rankedboost+aoeah+gamerant-2026-07
Cerulean Amber Medallion +1	TALISMAN	C	community-curated:rankedboost+aoeah+gamerant-2026-07
Cerulean Amber Medallion +2	TALISMAN	C	community-curated:rankedboost+aoeah+gamerant-2026-07
Cerulean Seed Talisman	TALISMAN	C	community-curated:rankedboost+aoeah+gamerant-2026-07
Cerulean Seed Talisman +1	TALISMAN	C	community-curated:rankedboost+aoeah+gamerant-2026-07
Clarifying Horn Charm	TALISMAN	C	community-curated:rankedboost+aoeah+gamerant-2026-07
Clarifying Horn Charm +1	TALISMAN	C	community-curated:rankedboost+aoeah+gamerant-2026-07
Clarifying Horn Charm +2	TALISMAN	C	community-curated:rankedboost+aoeah+gamerant-2026-07
Claw Talisman	TALISMAN	C	community-curated:rankedboost+aoeah+gamerant-2026-07
Companion Jar	TALISMAN	C	community-curated:rankedboost+aoeah+gamerant-2026-07
Crepus's Vial	TALISMAN	C	community-curated:rankedboost+aoeah+gamerant-2026-07
Crimson Amber Medallion	TALISMAN	C	community-curated:rankedboost+aoeah+gamerant-2026-07
Crimson Amber Medallion +1	TALISMAN	C	community-curated:rankedboost+aoeah+gamerant-2026-07
Crimson Amber Medallion +2	TALISMAN	C	community-curated:rankedboost+aoeah+gamerant-2026-07
Crimson Seed Talisman	TALISMAN	B	community-curated:rankedboost+aoeah+gamerant-2026-07
Crimson Seed Talisman +1	TALISMAN	B	community-curated:rankedboost+aoeah+gamerant-2026-07
Crucible Feather Talisman	TALISMAN	A	community-curated:rankedboost+aoeah+gamerant-2026-07
Crucible Knot Talisman	TALISMAN	C	community-curated:rankedboost+aoeah+gamerant-2026-07
Crucible Scale Talisman	TALISMAN	C	community-curated:rankedboost+aoeah+gamerant-2026-07
Crusade Insignia	TALISMAN	S	community-curated:rankedboost+aoeah+gamerant-2026-07
Curved Sword Talisman	TALISMAN	C	community-curated:rankedboost+aoeah+gamerant-2026-07
Dagger Talisman	TALISMAN	A	community-curated:rankedboost+aoeah+gamerant-2026-07
Dragoncrest Greatshield Talisman	TALISMAN	B	community-curated:rankedboost+aoeah+gamerant-2026-07
Dragoncrest Shield Talisman	TALISMAN	C	community-curated:rankedboost+aoeah+gamerant-2026-07
Dragoncrest Shield Talisman +1	TALISMAN	C	community-curated:rankedboost+aoeah+gamerant-2026-07
Dragoncrest Shield Talisman +2	TALISMAN	C	community-curated:rankedboost+aoeah+gamerant-2026-07
Dried Bouquet	TALISMAN	B	community-curated:rankedboost+aoeah+gamerant-2026-07
Enraged Divine Beast	TALISMAN	B	community-curated:rankedboost+aoeah+gamerant-2026-07
Erdtree's Favor	TALISMAN	S	community-curated:rankedboost+aoeah+gamerant-2026-07
Erdtree's Favor +1	TALISMAN	S	community-curated:rankedboost+aoeah+gamerant-2026-07
Faithful's Canvas Talisman	TALISMAN	A	community-curated:rankedboost+aoeah+gamerant-2026-07
Fine Crucible Feather Talisman	TALISMAN	A	community-curated:rankedboost+aoeah+gamerant-2026-07
Fire Scorpion Charm	TALISMAN	C	community-curated:rankedboost+aoeah+gamerant-2026-07
Flamedrake Talisman	TALISMAN	C	community-curated:rankedboost+aoeah+gamerant-2026-07
Flamedrake Talisman +1	TALISMAN	C	community-curated:rankedboost+aoeah+gamerant-2026-07
Flamedrake Talisman +3	TALISMAN	C	community-curated:rankedboost+aoeah+gamerant-2026-07
Flock's Canvas Talisman	TALISMAN	S	community-curated:rankedboost+aoeah+gamerant-2026-07
Furled Finger's Trick-Mirror	TALISMAN	C	community-curated:rankedboost+aoeah+gamerant-2026-07
Godfrey Icon	TALISMAN	A	community-curated:rankedboost+aoeah+gamerant-2026-07
Golden Braid	TALISMAN	B	community-curated:rankedboost+aoeah+gamerant-2026-07
Graven-Mass Talisman	TALISMAN	S	community-curated:rankedboost+aoeah+gamerant-2026-07
Graven-School Talisman	TALISMAN	A	community-curated:rankedboost+aoeah+gamerant-2026-07
Great-Jar's Arsenal	TALISMAN	B	community-curated:rankedboost+aoeah+gamerant-2026-07
Greatshield Talisman	TALISMAN	C	community-curated:rankedboost+aoeah+gamerant-2026-07
Green Turtle Talisman	TALISMAN	B	community-curated:rankedboost+aoeah+gamerant-2026-07
Haligdrake Talisman	TALISMAN	C	community-curated:rankedboost+aoeah+gamerant-2026-07
Haligdrake Talisman +1	TALISMAN	C	community-curated:rankedboost+aoeah+gamerant-2026-07
Haligdrake Talisman +2	TALISMAN	C	community-curated:rankedboost+aoeah+gamerant-2026-07
Hammer Talisman	TALISMAN	C	community-curated:rankedboost+aoeah+gamerant-2026-07
Host's Trick-Mirror	TALISMAN	B	community-curated:rankedboost+aoeah+gamerant-2026-07
Immunizing Horn Charm	TALISMAN	B	community-curated:rankedboost+aoeah+gamerant-2026-07
Immunizing Horn Charm +1	TALISMAN	B	community-curated:rankedboost+aoeah+gamerant-2026-07
Immunizing Horn Charm +2	TALISMAN	B	community-curated:rankedboost+aoeah+gamerant-2026-07
Lance Talisman	TALISMAN	C	community-curated:rankedboost+aoeah+gamerant-2026-07
Lightning Scorpion Charm	TALISMAN	B	community-curated:rankedboost+aoeah+gamerant-2026-07
Longtail Cat Talisman	TALISMAN	C	community-curated:rankedboost+aoeah+gamerant-2026-07
Lord of Blood's Exultation	TALISMAN	S	community-curated:rankedboost+aoeah+gamerant-2026-07
Marika's Scarseal	TALISMAN	C	community-curated:rankedboost+aoeah+gamerant-2026-07
Marika's Soreseal	TALISMAN	A	community-curated:rankedboost+aoeah+gamerant-2026-07
Millicent's Prosthesis	TALISMAN	A	community-curated:rankedboost+aoeah+gamerant-2026-07
Moon of Nokstella	TALISMAN	B	community-curated:rankedboost+aoeah+gamerant-2026-07
Mottled Necklace	TALISMAN	C	community-curated:rankedboost+aoeah+gamerant-2026-07
Mottled Necklace +1	TALISMAN	C	community-curated:rankedboost+aoeah+gamerant-2026-07
Mottled Necklace +2	TALISMAN	C	community-curated:rankedboost+aoeah+gamerant-2026-07
Old Lord's Talisman	TALISMAN	A	community-curated:rankedboost+aoeah+gamerant-2026-07
Outer God Heirloom	TALISMAN	B	community-curated:rankedboost+aoeah+gamerant-2026-07
Pearl Shield Talisman	TALISMAN	B	community-curated:rankedboost+aoeah+gamerant-2026-07
Pearldrake Talisman	TALISMAN	A	community-curated:rankedboost+aoeah+gamerant-2026-07
Pearldrake Talisman +1	TALISMAN	A	community-curated:rankedboost+aoeah+gamerant-2026-07
Pearldrake Talisman +2	TALISMAN	A	community-curated:rankedboost+aoeah+gamerant-2026-07
Pearldrake Talisman +3	TALISMAN	A	community-curated:rankedboost+aoeah+gamerant-2026-07
Perfumer's Talisman	TALISMAN	C	community-curated:rankedboost+aoeah+gamerant-2026-07
Primal Glintstone Blade	TALISMAN	B	community-curated:rankedboost+aoeah+gamerant-2026-07
Prince of Death's Cyst	TALISMAN	C	community-curated:rankedboost+aoeah+gamerant-2026-07
Prince of Death's Pustule	TALISMAN	C	community-curated:rankedboost+aoeah+gamerant-2026-07
Prosthesis-Wearer Heirloom	TALISMAN	C	community-curated:rankedboost+aoeah+gamerant-2026-07
Radagon Icon	TALISMAN	S	community-curated:rankedboost+aoeah+gamerant-2026-07
Radagon's Scarseal	TALISMAN	C	community-curated:rankedboost+aoeah+gamerant-2026-07
Radagon's Soreseal	TALISMAN	C	community-curated:rankedboost+aoeah+gamerant-2026-07
Red-Feathered Branchsword	TALISMAN	A	community-curated:rankedboost+aoeah+gamerant-2026-07
Rellana's Cameo	TALISMAN	A	community-curated:rankedboost+aoeah+gamerant-2026-07
Ritual Shield Talisman	TALISMAN	C	community-curated:rankedboost+aoeah+gamerant-2026-07
Ritual Sword Talisman	TALISMAN	A	community-curated:rankedboost+aoeah+gamerant-2026-07
Rotten Winged Sword Insignia	TALISMAN	A	community-curated:rankedboost+aoeah+gamerant-2026-07
Sacred Scorpion Charm	TALISMAN	B	community-curated:rankedboost+aoeah+gamerant-2026-07
Sacrificial Twig	TALISMAN	C	community-curated:rankedboost+aoeah+gamerant-2026-07
Shabriri's Woe	TALISMAN	C	community-curated:rankedboost+aoeah+gamerant-2026-07
Shard of Alexander	TALISMAN	S	community-curated:rankedboost+aoeah+gamerant-2026-07
Sharpshot Talisman	TALISMAN	B	community-curated:rankedboost+aoeah+gamerant-2026-07
Shattered Stone Talisman	TALISMAN	B	community-curated:rankedboost+aoeah+gamerant-2026-07
Silver Scarab	TALISMAN	S	community-curated:rankedboost+aoeah+gamerant-2026-07
Smithing Talisman	TALISMAN	B	community-curated:rankedboost+aoeah+gamerant-2026-07
Spear Talisman	TALISMAN	B	community-curated:rankedboost+aoeah+gamerant-2026-07
Spelldrake Talisman	TALISMAN	C	community-curated:rankedboost+aoeah+gamerant-2026-07
Spelldrake Talisman +1	TALISMAN	C	community-curated:rankedboost+aoeah+gamerant-2026-07
Spelldrake Talisman +2	TALISMAN	C	community-curated:rankedboost+aoeah+gamerant-2026-07
Spelldrake Talisman +3	TALISMAN	C	community-curated:rankedboost+aoeah+gamerant-2026-07
St. Trina's Smile	TALISMAN	B	community-curated:rankedboost+aoeah+gamerant-2026-07
Stalwart Horn Charm	TALISMAN	A	community-curated:rankedboost+aoeah+gamerant-2026-07
Stalwart Horn Charm +1	TALISMAN	A	community-curated:rankedboost+aoeah+gamerant-2026-07
Stalwart Horn Charm +2	TALISMAN	A	community-curated:rankedboost+aoeah+gamerant-2026-07
Starscourge Heirloom	TALISMAN	C	community-curated:rankedboost+aoeah+gamerant-2026-07
Taker's Cameo	TALISMAN	C	community-curated:rankedboost+aoeah+gamerant-2026-07
Talisman of All Crucibles	TALISMAN	A	community-curated:rankedboost+aoeah+gamerant-2026-07
Talisman of Lord's Bestowal	TALISMAN	B	community-curated:rankedboost+aoeah+gamerant-2026-07
Talisman of the Dread	TALISMAN	B	community-curated:rankedboost+aoeah+gamerant-2026-07
Twinblade Talisman	TALISMAN	B	community-curated:rankedboost+aoeah+gamerant-2026-07
Two Fingers Heirloom	TALISMAN	C	community-curated:rankedboost+aoeah+gamerant-2026-07
Two-Handed Sword Talisman	TALISMAN	A	community-curated:rankedboost+aoeah+gamerant-2026-07
Two-Headed Turtle Talisman	TALISMAN	S	community-curated:rankedboost+aoeah+gamerant-2026-07
Verdigris Discus	TALISMAN	B	community-curated:rankedboost+aoeah+gamerant-2026-07
Viridian Amber Medallion	TALISMAN	C	community-curated:rankedboost+aoeah+gamerant-2026-07
Viridian Amber Medallion +1	TALISMAN	C	community-curated:rankedboost+aoeah+gamerant-2026-07
Viridian Amber Medallion +2	TALISMAN	C	community-curated:rankedboost+aoeah+gamerant-2026-07
Viridian Amber Medallion +3	TALISMAN	C	community-curated:rankedboost+aoeah+gamerant-2026-07
Warrior Jar Shard	TALISMAN	A	community-curated:rankedboost+aoeah+gamerant-2026-07
Winged Sword Insignia	TALISMAN	S	community-curated:rankedboost+aoeah+gamerant-2026-07
Mimic Tear Ashes	SPIRITASH	S	spirit-ash:pve-consensus
Black Knife Tiche	SPIRITASH	S	spirit-ash:pve-consensus
Lhutel the Headless	SPIRITASH	A	spirit-ash:pve-consensus
Latenna the Albinauric	SPIRITASH	A	spirit-ash:pve-consensus
Ancient Dragon Knight Kristoff	SPIRITASH	A	spirit-ash:pve-consensus
Omenkiller Rollo	SPIRITASH	A	spirit-ash:pve-consensus
Nightmaiden & Swordstress Puppets	SPIRITASH	A	spirit-ash:pve-consensus
Winged Misbegotten Ashes	SPIRITASH	A	spirit-ash:pve-consensus
Greatshield Soldier Ashes	SPIRITASH	A	spirit-ash:pve-consensus
Lone Wolf Ashes	SPIRITASH	B	spirit-ash:pve-consensus
Banished Knight Engvall	SPIRITASH	B	spirit-ash:pve-consensus
Kaiden Sellsword Ashes	SPIRITASH	B	spirit-ash:pve-consensus
Fanged Imp Ashes	SPIRITASH	B	spirit-ash:pve-consensus
Kindred of Rot Ashes	SPIRITASH	B	spirit-ash:pve-consensus
Radahn Soldier Ashes	SPIRITASH	B	spirit-ash:pve-consensus
Godrick Soldier Ashes	SPIRITASH	B	spirit-ash:pve-consensus
Leyndell Soldier Ashes	SPIRITASH	B	spirit-ash:pve-consensus
Demi-Human Ashes	SPIRITASH	B	spirit-ash:pve-consensus
Crystalian Ashes	SPIRITASH	B	spirit-ash:pve-consensus
Putrid Corpse Ashes	SPIRITASH	B	spirit-ash:pve-consensus
Mad Pumpkin Head Ashes	SPIRITASH	B	spirit-ash:pve-consensus
Oracle Envoy Ashes	SPIRITASH	B	spirit-ash:pve-consensus
Haligtree Soldier Ashes	SPIRITASH	B	spirit-ash:pve-consensus
Dung Eater Puppet	SPIRITASH	B	spirit-ash:pve-consensus
Jarwight Puppet	SPIRITASH	B	spirit-ash:pve-consensus
